name,degree,address,tel,link,tag
레드버튼 강남점,4.0,서울 강남구 강남대로 442 1층,02-566-3799,https://place.map.kakao.com/1211948676,강남
레드버튼 강남2호점,4.4,서울 강남구 강남대로96길 5 지하2층,02-553-3799,https://place.map.kakao.com/1217878428,강남
레드버튼 시네마강남점,4.0,서울 강남구 강남대로 422 4-5층,02-556-3799,https://place.map.kakao.com/920171764,강남
홈즈앤루팡 강남점,3.3,서울 강남구 테헤란로1길 48 2층,02-567-8707,https://place.map.kakao.com/1159157170,강남
레드버튼 강남논현점,0.0,서울 강남구 학동로2길 55 3층,02-517-3799,https://place.map.kakao.com/1817996105,강남
보드게임카페 홈즈앤 루팡 신사가로수길점,5.0,서울 강남구 강남대로152길 13 지하1층,0503-7150-7971,https://place.map.kakao.com/1904517202,강남
에이 보드게임카페,4.2,서울 강남구 논현로161길 16 지하 1층,010-6499-9594,https://place.map.kakao.com/1866209532,강남
위펀,4.2,서울 강남구 논현로175길 75 지하1층 101호,070-7770-7705,https://place.map.kakao.com/1800549323,강남
데블다이스 보드게임카페 강남점,3.7,서울 강남구 테헤란로1길 29 4층,0507-1370-3912,https://place.map.kakao.com/897071174,강남
테이블그라운드 강남점,3.8,서울 강남구 강남대로94길 10 케이스퀘어 지하1층,02-557-9061,https://place.map.kakao.com/1746210175,강남
하이테이블,0.0,서울 강남구 테헤란로16길 13 지하1층 B101호,010-5282-0546,https://place.map.kakao.com/1047515761,강남
펀보드게임카페,3.6,서울 강남구 선릉로86길 34 3층,02-568-0870,https://place.map.kakao.com/1642290671,강남
데블다이스 보드게임카페 강남대로점,3.4,서울 강남구 강남대로 428 만이빌딩 3층,0507-1371-3912,https://place.map.kakao.com/187496328,강남
라스보드카페,3.4,서울 강남구 언주로172길 36 지하1층,02-3442-0320,https://place.map.kakao.com/1519225297,강남
데블다이스 보드게임카페 강남3호점,4.0,서울 강남구 테헤란로1길 42 5층,0507-1372-3912,https://place.map.kakao.com/1143207364,강남
올리브보드카페,0.0,서울 강남구 테헤란로64길 25 4층,,https://place.map.kakao.com/885227961,강남
다이스타운,3.4,서울 강남구 봉은사로2길 37 3층,02-555-6588,https://place.map.kakao.com/1390599294,강남
큐브보드카페,3.5,서울 강남구 강남대로102길 16 4층,02-563-5880,https://place.map.kakao.com/285620791,강남
펀타임 강남점,1.9,서울 강남구 테헤란로1길 17 상우빌딩 3층,,https://place.map.kakao.com/1506595559,강남
토마토보드카페,0.0,서울 강남구 테헤란로43길 10 지하1층,070-4189-4740,https://place.map.kakao.com/564297133,강남
고,0.0,서울 강남구 언주로172길 60,010-5550-3131,https://place.map.kakao.com/1039593706,강남
마피아카페,0.0,서울 강남구 강남대로62길 13 5층 502호,070-7954-4218,https://place.map.kakao.com/89980689,강남
케이보드게임카페,0.0,서울 강남구 논현로161길 16 지하1층,,https://place.map.kakao.com/785726845,강남
999존,0.0,서울 강남구 학동로2길 56 3층,,https://place.map.kakao.com/73695364,강남
데블다이스 보드게임카페 강남4호점,5.0,서울 강남구 테헤란로1길 42 6층,070-8838-3912,https://place.map.kakao.com/331166056,강남
엠지엠,5.0,서울 강남구 선릉로155길 15 지하 1층,02-3445-2660,https://place.map.kakao.com/1560733975,강남
벙커,0.0,서울 강남구 강남대로94길 55-3 지하1층,010-2929-8380,https://place.map.kakao.com/1536488889,강남
조이보드카페,1.0,서울 강남구 선릉로157길 14-7 압구정빌딩 지하1층,02-6013-2950,https://place.map.kakao.com/1200614422,강남
아수라발발타 역삼점,2.3,서울 강남구 테헤란로33길 13 서안빌딩 3층,02-553-6443,https://place.map.kakao.com/17546078,강남
봉보드카페,0.0,서울 강남구 학동로20길 54 지하1층,,https://place.map.kakao.com/798761852,강남
W보드카페,,서울 강남구 도산대로30길 16-4 명동빌딩 지하1층,02-543-5543,https://place.map.kakao.com/1266848264,강남
원스보드게임카페,5.0,서울 강남구 압구정로48길 34 지하1층,070-4647-4976,https://place.map.kakao.com/1366060779,강남
KK홀덤바,0.0,서울 강남구 논현로 507,010-7652-5144,https://place.map.kakao.com/1196331553,강남
디자인분더,0.0,서울 강남구 역삼로63길 21,,https://place.map.kakao.com/1686086944,강남
트리플엠,0.0,서울 강남구 도곡로 189 정금빌딩 지하1층,02-6213-0333,https://place.map.kakao.com/335011001,강남
투투,0.0,서울 강남구 압구정로 338,,https://place.map.kakao.com/930872929,강남
우노보드카페,0.0,서울 강남구 선릉로157길 15,,https://place.map.kakao.com/9898631,강남
한보드카페,0.0,서울 강남구 테헤란로27길 22 지하 2층,,https://place.map.kakao.com/539692521,강남
쿤보드카페,0.0,서울 강남구 압구정로42길 32,,https://place.map.kakao.com/25108210,강남
ZIN보드카페,0.0,서울 강남구 봉은사로1길 6 3층,,https://place.map.kakao.com/802155969,강남
썬보드카페,5.0,서울 강남구 테헤란로22길 13 예동빌딩 지하1층,02-557-7673,https://place.map.kakao.com/1192249455,강남
핑크버튼,0.0,서울 강남구 압구정로 336 지하1층,,https://place.map.kakao.com/829790506,강남
장미보드카페,0.0,서울 강남구 선릉로161길 15 3층,,https://place.map.kakao.com/134073171,강남
잭보드카페 압구정점,1.0,서울 강남구 언주로172길 59 지하 1층,02-548-0779,https://place.map.kakao.com/1801993399,강남
틸트보드까페,0.0,서울 강남구 압구정로 113-22,,https://place.map.kakao.com/20059498,강남
에스엠보드카페,0.0,서울 강남구 언주로172길 29 대성빌딩 지하1층,,https://place.map.kakao.com/2121367526,강남
블라인드보드카페,0.0,서울 강남구 언주로172길 53,,https://place.map.kakao.com/260360105,강남
레드버튼 잠실새내점,5.0,서울 송파구 올림픽로10길 9 4층,02-420-3799,https://place.map.kakao.com/264688739,강남
삼구오구보드게임카페,5.0,서울 송파구 백제고분로7길 24-19 2층,0504-1381-0632,https://place.map.kakao.com/105606869,강남
몬스터핸드,3.2,서울 송파구 올림픽로8길 10 3층,02-424-6054,https://place.map.kakao.com/496519868,강남
몬스터핸드 잠실점,3.7,서울 송파구 백제고분로7길 39 4층,02-415-6054,https://place.map.kakao.com/337647611,강남
보드게임카페 잠실새내점,4.7,서울 송파구 올림픽로10길 9 진영빌딩 4층,02-420-3799,https://place.map.kakao.com/1221252868,강남
울퍼보드게임카페,5.0,서울 송파구 백제고분로7길 24-17 2층,0507-1335-3502,https://place.map.kakao.com/966612110,강남
아수라발발타,0.0,서울 서초구 논현로17길 3 2층,,https://place.map.kakao.com/1474890310,강남
아지트보드게임카페,4.3,서울 송파구 올림픽로12길 4-23,02-412-2848,https://place.map.kakao.com/528293016,강남
더블업보드카페,0.0,서울 송파구 백제고분로7길 32-17,,https://place.map.kakao.com/648788244,강남
큐빅보드카페,0.0,서울 송파구 백제고분로7길 6-15 3층,02-424-2442,https://place.map.kakao.com/1819416073,강남
큐브보드카페,0.0,서울 송파구 올림픽로12길 28,010-6644-6542,https://place.map.kakao.com/265475781,강남
AOA,0.0,서울 송파구 백제고분로7길 42-12,,https://place.map.kakao.com/1986710305,강남
아레스,0.0,서울 송파구 올림픽로10길 9 5층,,https://place.map.kakao.com/264670693,강남
써틴보드카페,0.0,서울 송파구 백제고분로7길 28-17 성경빌딩 지하1층,010-8800-4835,https://place.map.kakao.com/126104825,강남
히어로보드게임카페 건대1호점,3.5,서울 광진구 아차산로 221 3층,02-466-1203,https://place.map.kakao.com/26826876,강남
달무티 교대점,,서울 서초구 서초대로58길 18 지에스타워 지하 1층 B02호,02-3478-5080,https://place.map.kakao.com/24583650,강남
아토즈라운지,5.0,서울 서초구 강남대로83길 46 지하1층,,https://place.map.kakao.com/1540339196,강남
홈즈앤루팡 송파방이점,4.6,서울 송파구 오금로11길 11-8 5층,02-420-8707,https://place.map.kakao.com/1956911232,강남
레드버튼 방이점,1.0,서울 송파구 올림픽로32길 20 4층,02-424-0802,https://place.map.kakao.com/728924160,강남
레드버튼 성수점,5.0,서울 성동구 연무장길 17 3층,02-466-3799,https://place.map.kakao.com/1476449408,강남
히어로보드게임카페 건대본점,4.2,서울 광진구 능동로13길 39 한아름쇼핑센터 2층,02-466-8001,https://place.map.kakao.com/1232273833,강남
히어로보드게임카페 성수점,3.5,서울 성동구 연무장7길 4 해피드림 4층,070-4280-2220,https://place.map.kakao.com/1019465165,강남
몬스터핸드보드카페,3.2,서울 송파구 오금로13길 9,02-422-6054,https://place.map.kakao.com/1225656491,강남
푸른하늘 고전게임카페,5.0,서울 송파구 송파대로 459 2층,,https://place.map.kakao.com/21539847,강남
홈즈앤루팡 건대점,4.2,"서울 광진구 아차산로 241 2층 202,203호",02-465-5536,https://place.map.kakao.com/1857915794,강남
보드에바나나,5.0,서울 송파구 백제고분로45길 7 2층 202호,02-423-2728,https://place.map.kakao.com/1593163003,강남
히어로보드게임카페 어린이대공원점,3.7,서울 광진구 능동로19길 36 5층,070-8672-1129,https://place.map.kakao.com/1807444717,강남
캠프보드카페,5.0,서울 송파구 가락로 114 외부계단 2층,010-6706-8253,https://place.map.kakao.com/1815921744,강남
히어로보드게임카페 건대본점,4.2,서울 광진구 능동로13길 39 한아름쇼핑센터 2층,02-466-8001,https://place.map.kakao.com/1232273833,건대
히어로보드게임카페 건대1호점,3.5,서울 광진구 아차산로 221 3층,02-466-1203,https://place.map.kakao.com/26826876,건대
히어로보드게임카페 어린이대공원점,3.7,서울 광진구 능동로19길 36 5층,070-8672-1129,https://place.map.kakao.com/1807444717,건대
홈즈앤루팡 건대점,4.2,"서울 광진구 아차산로 241 2층 202,203호",02-465-5536,https://place.map.kakao.com/1857915794,건대
거북이보드게임,4.9,서울 광진구 능동로13길 36 지하 1층,0507-1470-5547,https://place.map.kakao.com/1496306257,건대
키랩 보드게임 연구소 건대본점,4.8,서울 광진구 아차산로33길 49 키랩 보드게임 연구소 건대본점,0502-5550-5976,https://place.map.kakao.com/1430310181,건대
보드스토리 건대점,4.9,서울 광진구 동일로22길 104 진명빌딩 7층,02-465-7770,https://place.map.kakao.com/27349794,건대
다빈치보드게임카페,4.0,서울 광진구 아차산로 235 6층,02-6083-0667,https://place.map.kakao.com/1545476323,건대
매드포미니어쳐,5.0,서울 광진구 광나루로17길 14-5 지하 1층,02-462-1083,https://place.map.kakao.com/441104215,건대
키랩 보드게임 연구소 프리미엄점,5.0,서울 광진구 동일로24길 96 키랩 보드게임 연구소 프리미엄점,0503-7150-5764,https://place.map.kakao.com/1462994034,건대
포커브로스 화양건대점,0.0,서울 광진구 능동로19길 35 206호,010-2849-8017,https://place.map.kakao.com/577191221,건대
하얗다가얼마나 보드라운지,0.0,서울 광진구 화양동 94-61,02-497-5789,https://place.map.kakao.com/1602892985,건대
스튜디오Z,0.0,서울 광진구 아차산로33길 33 4층,010-7646-2857,https://place.map.kakao.com/1951717877,건대
세븐보드카페,0.0,서울 광진구 자양로13길 47,,https://place.map.kakao.com/537842634,건대
레드버튼 성수점,5.0,서울 성동구 연무장길 17 3층,02-466-3799,https://place.map.kakao.com/1476449408,건대
스페이스보드카페,0.0,서울 광진구 아차산로 218,,https://place.map.kakao.com/1119811817,건대
히어로보드게임카페 성수점,3.5,서울 성동구 연무장7길 4 해피드림 4층,070-4280-2220,https://place.map.kakao.com/1019465165,건대
리치보드게임카페,5.0,서울 광진구 능동로36길 9 유현빌딩 3층,070-7746-8000,https://place.map.kakao.com/1124926306,건대
G몬스터,0.0,서울 광진구 천호대로 655,,https://place.map.kakao.com/863718702,건대
안바따,0.0,서울 광진구 면목로 32 3층,,https://place.map.kakao.com/1639830077,건대
보드게임카페 스노우래빗,4.6,서울 성동구 왕십리로 104 2호,,https://place.map.kakao.com/1641826064,건대
DCC카페 (다이스라떼),4.9,서울 동대문구 천호대로83길 93 동우빌딩 2층,02-960-7159,https://place.map.kakao.com/1488429874,건대
레드버튼 광안리점,0.0,부산 수영구 민락수변로 1 민락타운 4층 4-3호,051-751-7972,https://place.map.kakao.com/1574330654,광안리
판도라보드게임카페,4.7,부산 수영구 광남로142번길 8 3층,010-4421-6765,https://place.map.kakao.com/558469614,광안리
아수라발발타 광안점,4.0,부산 수영구 민락수변로 13-1 9층,051-758-8596,https://place.map.kakao.com/1418285019,광안리
안녕홀덤,5.0,부산 수영구 광안해변로344번길 9-3 4층,010-4389-6980,https://place.map.kakao.com/2104255970,광안리
레드버튼 경성대점,3.6,부산 남구 용소로 8 3층,051-622-3799,https://place.map.kakao.com/202718824,광안리
포츈팩토리 1호점,4.6,부산 남구 수영로298번길 21 지하 1층,,https://place.map.kakao.com/19108905,광안리
부산더락,5.0,부산 수영구 수영로 709-1 2층,051-907-8074,https://place.map.kakao.com/18397733,광안리
히어로보드게임카페 경성대점,4.2,부산 남구 용소로8번길 10 상우빌딩 3층,070-8860-8973,https://place.map.kakao.com/1637699750,광안리
지구보드게임카페,0.0,부산 남구 용소로13번길 27 6층,070-4120-9009,https://place.map.kakao.com/1394905467,광안리
하이롤러홀더 수영점,0.0,부산 수영구 감포로 97 3층,,https://place.map.kakao.com/321952243,광안리
포츈팩토리 2호점,0.0,부산 남구 용소로 17 3층,,https://place.map.kakao.com/24924575,광안리
레드버튼 노원점,3.3,"서울 노원구 노해로79길 6-19 나동 4층 1, 2호",02-931-3799,https://place.map.kakao.com/1795804853,노원
히어로보드게임카페 공릉점,5.0,서울 노원구 동일로192길 90 3층,070-4006-0158,https://place.map.kakao.com/1312226684,노원
홈즈앤루팡 노원점,3.8,서울 노원구 상계로 64 화랑빌딩 3층,02-952-8707,https://place.map.kakao.com/1285887478,노원
보드스토리 공릉점,5.0,서울 노원구 동일로192길 62,,https://place.map.kakao.com/1418078354,노원
루시오 노원점,3.9,서울 노원구 노해로83길 18-10 3층,02-933-7611,https://place.map.kakao.com/274700806,노원
홀스 석계점,0.0,서울 노원구 석계로1길 14 7층,,https://place.map.kakao.com/1403711310,노원
쿨보드게임,0.0,서울 노원구 상계로3길 16,02-931-5531,https://place.map.kakao.com/1931498416,노원
아레나만화&보드게임카페,0.0,서울 노원구 석계로 103 동우빌딩 3층,,https://place.map.kakao.com/1278533394,노원
레드버튼 수유역점,5.0,서울 강북구 한천로139길 42 3층 302호,02-993-3799,https://place.map.kakao.com/1217614678,노원
더홀릭보드게임카페 수유역점,4.3,서울 강북구 노해로8길 29 현대크리스탈 4층 404호,070-4027-8077,https://place.map.kakao.com/563158970,노원
월드보드카페,5.0,서울 강북구 도봉로87길 9 4층,02-995-2395,https://place.map.kakao.com/1171264693,노원
수유 홀린이,0.0,서울 강북구 도봉로87길 9 지하1층,,https://place.map.kakao.com/1628820244,노원
마작카페 소소마장,5.0,서울 성북구 한천로76다길 34 2층,010-5397-0066,https://place.map.kakao.com/2140369234,노원
보드막 미아사거리점,5.0,서울 강북구 도봉로13길 13 금광빌딩 지하1층,02-988-0633,https://place.map.kakao.com/1972731278,노원
레드버튼 부산대점,5.0,부산 금정구 금정로 75 3층,051-515-3799,https://place.map.kakao.com/445393846,부산대
오티티프라이빗 부산대점,4.7,부산 금정구 부산대학로49번길 7 2층,,https://place.map.kakao.com/62742203,부산대
두기보드게임,5.0,부산 금정구 금강로 265,070-7584-4452,https://place.map.kakao.com/19934212,부산대
홀릭 부산대점,4.3,부산 금정구 부산대학로 49 5층,051-515-7762,https://place.map.kakao.com/1920865962,부산대
레드버튼보드게임카페 부산대점,0.0,부산 금정구 금정로 75,070-4649-1101,https://place.map.kakao.com/1113044985,부산대
다락보드게임카페,5.0,부산 금정구 금정로60번길 6 4층,051-515-0566,https://place.map.kakao.com/795867557,부산대
퀸즈보드게임카페,5.0,부산 금정구 장전온천천로 51 2층,010-5641-8272,https://place.map.kakao.com/1808142671,부산대
체스,5.0,부산 금정구 금강로 247-12,051-583-9632,https://place.map.kakao.com/11233705,부산대
토너랩 부산대점,5.0,부산 금정구 금강로279번길 8 2층,,https://place.map.kakao.com/649245778,부산대
보드랑 2호점,0.0,부산 동래구 명륜로 210 명륜 지역아동센터 내,,https://place.map.kakao.com/1691050590,부산대
레드버튼 부천점,4.8,경기 부천시 원미구 부일로 459 4층 401호,032-654-3799,https://place.map.kakao.com/1140035628,부천
히어로보드게임카페 부천점,4.9,경기 부천시 원미구 부천로9번길 28 3층,031-665-6001,https://place.map.kakao.com/225253022,부천
레드버튼 부천시청점,4.0,경기 부천시 원미구 석천로177번길 28 3층 301호,070-4649-1101,https://place.map.kakao.com/2143814353,부천
히어로보드게임카페 부천중동점,4.4,경기 부천시 원미구 석천로177번길 20 3층,032-321-5391,https://place.map.kakao.com/1793208620,부천
카페드봉봉,0.0,경기 부천시 원미구 부천로3번길 45 부천프라자 2층,,https://place.map.kakao.com/2144515261,부천
보드게임카페 홈즈앤 루팡 부천신중동점,5.0,경기 부천시 원미구 중동로254번길 104 호정프라자 6층 601-1호,032-322-1415,https://place.map.kakao.com/960492496,부천
하비게임몰,4.3,경기 부천시 원미구 중동로254번길 104 호정프라자 403호,070-8848-7799,https://place.map.kakao.com/27542953,부천
마작스쿨 역곡마장,5.0,경기 부천시 소사구 경인로 505 역곡하이뷰 6층 601호,010-6561-6009,https://place.map.kakao.com/1572224466,부천
아지트 보드카페,3.9,"경기 부천시 원미구 소향로 203 2층 203, 204호",010-8072-0059,https://place.map.kakao.com/2029884692,부천
이스케이프시티 부천신중동점,3.6,경기 부천시 원미구 중동로248번길 105 조이럭타운 5층 503호,070-5044-7345,https://place.map.kakao.com/1363823824,부천
히어로시티보드게임방,2.5,경기 부천시 원미구 부일로 705,,https://place.map.kakao.com/294428904,부천
조이보드게임카페 상동점,0.0,경기 부천시 원미구 길주로 115 4층,010-5791-5309,https://place.map.kakao.com/1442129774,부천
까까런 보드게임방 신중동점,0.0,경기 부천시 원미구 중동로254번길 81 월드코아 3층 301호,010-7238-8320,https://place.map.kakao.com/873495710,부천
더홀릭보드게임카페 부천역점,0.0,경기 부천시 원미구 부일로 460 시네마존 3층 301호,,https://place.map.kakao.com/1603487598,부천
스팟홀덤,0.0,경기 부천시 오정구 원종로 32 한스빌딩 3층,010-7766-4146,https://place.map.kakao.com/677909884,부천
메이저보드카페,0.0,경기 부천시 오정구 원종로 136,,https://place.map.kakao.com/1306754991,부천
블루칩,1.0,경기 부천시 원미구 중동로254번길 110 뉴그린프라자 3층,070-8868-0029,https://place.map.kakao.com/1850531002,부천
007보드카페,0.0,경기 부천시 원미구 중동로254번길 78,032-322-2003,https://place.map.kakao.com/2074424912,부천
유니크보드게임카페,0.0,경기 부천시 원미구 길주로121번길 17-28,070-4066-5538,https://place.map.kakao.com/1206277187,부천
TSOP,0.0,경기 부천시 원미구 소향로37번길 31-7 상동타운 3층 304호,032-721-8777,https://place.map.kakao.com/168712201,부천
잭보드카페,1.0,경기 부천시 원미구 조마루로297번길 51 2층,032-329-0010,https://place.map.kakao.com/1643571687,부천
라라홀덤,0.0,경기 부천시 원미구 송내대로265번길 17,,https://place.map.kakao.com/36830357,부천
미소쿱,0.0,경기 부천시 원미구 부천로39번길 42 3층,070-4252-5010,https://place.map.kakao.com/251377419,부천
마작활동실,0.0,경기 부천시 소사구 소사로 153 2층,010-8025-6906,https://place.map.kakao.com/1737385560,부천
보드게임카페리치마 작사주타로,0.0,경기 부천시 소사구 경인로 505,,https://place.map.kakao.com/1658573846,부천
보드게임카페 레드버튼 부평점,4.1,인천 부평구 부평대로12번길 17 3층 301호,032-525-3799,https://place.map.kakao.com/1964619542,부천
레드버튼 부평테마의거리점,5.0,인천 부평구 경원대로1403번길 6 5층,032-517-3799,https://place.map.kakao.com/1391453982,부천
텐앱&보드카페,0.0,인천 부평구 길주로647번길 4 5층,,https://place.map.kakao.com/1668771661,부천
윈보드게임카페 삼산,5.0,인천 부평구 길주로 659 미라쥬타워 7층 701호,032-506-1134,https://place.map.kakao.com/285096015,부천
묵찌빠보드게임카페,4.9,인천 부평구 시장로30번길 5 테마프라자 6층 601호,010-2551-5037,https://place.map.kakao.com/15867486,부천
고릴라보드게임카페,5.0,인천 부평구 시장로29번길 7 3층,032-503-6003,https://place.map.kakao.com/193592511,부천
퍼스트보드게임카페 부평점,4.8,인천 부평구 시장로 21 3층,032-503-0326,https://place.map.kakao.com/1808123472,부천
보드게임카페 홈즈앤루팡 부평점,4.9,인천 부평구 부평문화로 64 3층,032-522-8808,https://place.map.kakao.com/1113202550,부천
더홀릭보드게임카페 부평점,0.0,인천 부평구 부평문화로80번길 24,070-4649-1101,https://place.map.kakao.com/1940639709,부천
홀스,5.0,인천 부평구 경원대로1403번길 21 5층,010-9454-4083,https://place.map.kakao.com/621773575,부천
카드팝,4.0,인천 부평구 부평문화로66번길 21 4층,032-221-8502,https://place.map.kakao.com/57021177,부천
마블보드게임카페,0.0,인천 부평구 시장로29번길 8,,https://place.map.kakao.com/418732200,부천
보드게임카페룰렛,5.0,인천 부평구 부평대로20번길 17-1 3층,070-7333-2080,https://place.map.kakao.com/620854211,부천
히어로보드게임카페 계양구청점,5.0,인천 계양구 계양문화로 33 7층,032-555-5391,https://place.map.kakao.com/1992056013,부천
윈보드게임카페 계양,5.0,인천 계양구 오조산로45번길 7 프리랜서빌 2층 205호,032-361-1191,https://place.map.kakao.com/558454981,부천
위치스브루,5.0,인천 계양구 계양대로 166 정우빌딩 2층,032-271-2931,https://place.map.kakao.com/19591811,부천
텐션라운지,0.0,인천 계양구 계양대로 101 지하1층 101호,,https://place.map.kakao.com/1575899288,부천
보드타운,4.9,인천 남동구 구월로 362 명품프라자 3층,010-4096-0120,https://place.map.kakao.com/1411157111,부천
모나코홀덤,3.0,인천 남동구 백범로 132 만수프라자 4층 401호,032-566-9618,https://place.map.kakao.com/839105494,부천
큐큐보드게임,5.0,경기 시흥시 대은로 86 302호,070-7766-9950,https://place.map.kakao.com/2082995651,부천
플레이이너프 보드게임아지트,5.0,인천 남동구 구월로 159 원빌딩 4층 401호,010-3280-2760,https://place.map.kakao.com/1118654503,부천
제이제이브로스홀덤펍,0.0,경기 시흥시 비둘기공원5길 15 은행프라자 6층 602호,010-3213-8060,https://place.map.kakao.com/1491446188,부천
나눔파티카페,5.0,서울 양천구 월정로 66 2층 202호,070-7756-1582,https://place.map.kakao.com/249459497,부천
지지보드게임카페,4.7,서울 강서구 강서로 24 4층,02-2699-5110,https://place.map.kakao.com/1034042344,부천
위플미플보드카페,,서울 강서구 화곡로27길 14 3층,02-3663-4922,https://place.map.kakao.com/223747288,부천
조 보드카페,0.0,서울 강서구 강서로 43-17,,https://place.map.kakao.com/1454992204,부천
보드게임카페 레드버튼 서면점,4.0,부산 부산진구 동천로 63 4층,051-806-3799,https://place.map.kakao.com/1330633449,서면
레드버튼 서면2호점,4.8,부산 부산진구 중앙대로692번길 31 4층,051-809-3799,https://place.map.kakao.com/1455004980,서면
홈즈앤루팡 서면점,4.5,부산 부산진구 중앙대로692번길 37 3층,051-808-3502,https://place.map.kakao.com/140012294,서면
히어로보드게임카페 서면점,5.0,부산 부산진구 중앙대로 672 삼정타워 9층,070-7776-8973,https://place.map.kakao.com/1951509794,서면
오티티프라이빗 서면점,5.0,부산 부산진구 중앙대로680번길 30 3층,,https://place.map.kakao.com/1635701067,서면
데블다이스 보드게임카페 부산서면점,4.4,부산 부산진구 서전로10번길 69 2층,0507-1428-3912,https://place.map.kakao.com/927676438,서면
보드게임카페 미니빌 서면점,4.6,부산 부산진구 중앙대로702번길 43,070-4149-8228,https://place.map.kakao.com/1588228264,서면
홀릭보드게임카페,4.7,부산 부산진구 서전로10번길 50 4층,,https://place.map.kakao.com/1025518695,서면
데블다이스 보드게임카페 부산서면2호점,5.0,부산 부산진구 중앙대로692번길 46-8 3층,051-808-3912,https://place.map.kakao.com/836660834,서면
아수라발발타,2.8,부산 부산진구 가야대로784번길 56-3 3층,051-803-8596,https://place.map.kakao.com/351645218,서면
월하객잔,0.0,부산 부산진구 부전로162번길 13 304호,,https://place.map.kakao.com/727038019,서면
정글비 양정점,5.0,부산 부산진구 양지로 3 2층,051-865-5979,https://place.map.kakao.com/592931987,서면
레드버튼 서현점,3.8,경기 성남시 분당구 분당로53번길 19 피아자코코빌딩 4층 402호,031-701-9905,https://place.map.kakao.com/1907660051,서현
홈즈앤루팡 분당서현점,4.8,"경기 성남시 분당구 서현로210번길 16 유성트윈프라자1차 4층 404,405호",031-708-8707,https://place.map.kakao.com/1552754241,서현
히어로보드게임카페 서현점,3.9,경기 성남시 분당구 분당로53번길 16 4층,031-707-0939,https://place.map.kakao.com/576991182,서현
더홀릭보드게임카페 서현점,3.0,경기 성남시 분당구 서현로210번길 14 유성트윈프라자2차 지하1층 B01호,070-8800-3514,https://place.map.kakao.com/731986080,서현
KMGM 홀덤펍 분당서현점,0.0,경기 성남시 분당구 분당로53번길 10 동호플라자 3층 301호,0507-1343-6323,https://place.map.kakao.com/1536779883,서현
플레이어스19,5.0,경기 성남시 분당구 분당로53번길 13 산호트윈스2 4층 407호,031-706-6737,https://place.map.kakao.com/1626962755,서현
온앤오프 서현직영점,5.0,경기 성남시 분당구 분당로53번길 20 이랜드분당프라자 지하 1층,031-704-0444,https://place.map.kakao.com/1477473049,서현
보드게임카페윈,0.0,경기 성남시 분당구 분당로53번길 14,,https://place.map.kakao.com/25460301,서현
세븐보드게임카페,0.0,경기 성남시 분당구 황새울로258번길 32 코리아나빌딩 3층 302호,,https://place.map.kakao.com/26341751,서현
범피플보드게임카페,0.0,경기 성남시 분당구 황새울로214번길 8 NS프라자 8층,070-8128-5959,https://place.map.kakao.com/17811654,서현
홍보드게임마작카페,4.7,경기 성남시 분당구 내정로119번길 17 지하 1층,010-2593-9024,https://place.map.kakao.com/1105178985,서현
PG 홀덤 판교점,0.0,경기 성남시 분당구 판교역로192번길 14-2,010-4859-0119,https://place.map.kakao.com/608964207,서현
보드게임카페레드버튼 수원점,3.9,경기 수원시 팔달구 향교로1번길 2 3층,031-256-3799,https://place.map.kakao.com/1454032774,수원
레드버튼 영통점,4.6,경기 수원시 영통구 청명남로 32 월드프라자 6층,031-273-8466,https://place.map.kakao.com/1018820364,수원
보드게임카페 레드버튼 수원인계점,4.6,경기 수원시 팔달구 효원로265번길 47 서울빌딩 3층,031-222-3799,https://place.map.kakao.com/561092849,수원
레드버튼 아주대점,3.8,경기 수원시 영통구 아주로 38 2층,031-215-3799,https://place.map.kakao.com/591398137,수원
보드게임카페 레드버튼 수원행궁점,5.0,경기 수원시 팔달구 정조로841번길 10 에스타워 3층,031-257-7942,https://place.map.kakao.com/351534262,수원
히어로보드게임카페 수원점,3.9,경기 수원시 팔달구 향교로 29 3층,031-252-1203,https://place.map.kakao.com/462568989,수원
홈즈앤루팡 수원역점,3.5,경기 수원시 팔달구 향교로 25 3-4층,031-244-2166,https://place.map.kakao.com/1192165958,수원
히어로보드게임카페 영통점,5.0,경기 수원시 영통구 청명남로 31 키라레스토아 4층,031-202-1233,https://place.map.kakao.com/1407723453,수원
보드게임카페 홈즈앤루팡 호매실점,5.0,경기 수원시 권선구 금곡로102번길 48 2층,031-291-7735,https://place.map.kakao.com/1474752743,수원
히어로보드게임카페 수원인계점,5.0,경기 수원시 팔달구 인계로138번길 49 강평빌딩 3층,070-8676-1693,https://place.map.kakao.com/2123812496,수원
더홀릭 수원역점,2.2,경기 수원시 팔달구 향교로 15 3층,0507-1322-3720,https://place.map.kakao.com/1446431813,수원
더홀릭보드게임카페 성균관대역점,4.3,경기 수원시 장안구 서부로2126번길 9 성대프라자 2층,,https://place.map.kakao.com/1869887433,수원
에이플러스보드게임카페,4.8,경기 수원시 팔달구 효원로265번길 41 순경빌딩 4층,031-237-8859,https://place.map.kakao.com/25983062,수원
올데이보드게임카페,2.8,경기 수원시 영통구 덕영대로1556번길 16 디지털엠파이어빌딩 B동 1층 156호,010-7545-8422,https://place.map.kakao.com/291240062,수원
프리스콜레,3.8,경기 수원시 영통구 센트럴타운로 106 센트럴프라자 2층 214호,031-303-4115,https://place.map.kakao.com/31878528,수원
쪽지길보드게임카페,5.0,경기 수원시 팔달구 정조로 775-10,,https://place.map.kakao.com/1957541624,수원
올데이보드게임카페 인계점,1.0,경기 수원시 팔달구 인계로124번길 27-17 금성빌딩 3층 301호,010-3969-8422,https://place.map.kakao.com/393698794,수원
아지트보드게임,0.0,경기 수원시 팔달구 향교로 22 지하 1층,031-207-4200,https://place.map.kakao.com/1835421394,수원
온더보드,4.5,경기 수원시 팔달구 향교로 149-1 3층,,https://place.map.kakao.com/314639817,수원
토너랩,0.0,경기 수원시 팔달구 아주로 25 3층,070-5089-4678,https://place.map.kakao.com/1553917169,수원
타이틀보드게임카페,0.0,경기 수원시 영통구 반달로 24,031-202-8707,https://place.map.kakao.com/1188693777,수원
홀덤스타 북문점,0.0,경기 수원시 장안구 팔달로 287 1층,010-4482-1674,https://place.map.kakao.com/2012070681,수원
비비보드카페,3.0,경기 수원시 팔달구 권광로207번길 12 3층,,https://place.map.kakao.com/1348069735,수원
카지노펍보드카페,0.0,경기 수원시 팔달구 권광로187번길 31 3층,031-236-8566,https://place.map.kakao.com/304652633,수원
홈즈앤루팡 병점점,5.0,경기 화성시 효행로 1051 메인프라자 3층,031-221-8519,https://place.map.kakao.com/559959289,수원
보드게임카페 레드버튼 동탄북광장점,5.0,경기 화성시 동탄중심상가2길 7 씨티플러스 4층 402호,031-8003-3799,https://place.map.kakao.com/1190533870,수원
알라딘보드카페,0.0,경기 용인시 수지구 광교중앙로296번길 4 골드리치안오피스텔 2층 202호,031-211-8889,https://place.map.kakao.com/1337133494,수원
보드게임공간 미플즈,5.0,경기 용인시 수지구 광교중앙로296번길 14 광교푸르지오시티1차3단지 304호,010-4087-4438,https://place.map.kakao.com/298080042,수원
데블다이스 보드게임카페 병점점,3.4,경기 화성시 효행로 1052 씨네샤르망 A동 8층,0507-1368-3912,https://place.map.kakao.com/39651320,수원
올데이보드게임카페 병점점,1.0,경기 화성시 병점1로 216-21 이타운3 2층 206호,010-7545-8422,https://place.map.kakao.com/1063672534,수원
레드버튼 수지구청역점,4.8,"경기 용인시 수지구 풍덕천로 135 요진타워 5층 504, 506호",031-272-3799,https://place.map.kakao.com/869978183,수원
포커스토너먼트,5.0,경기 화성시 효행로 1029 4층,,https://place.map.kakao.com/953179283,수원
보드게임카페 홈즈앤 루팡 동탄남광장점,4.1,경기 화성시 동탄중심상가1길 35 한솔프라자 6층 603~605호,031-8003-4947,https://place.map.kakao.com/630440625,수원
보드게임하트,0.0,경기 화성시 경기대로 1025-5 501호,,https://place.map.kakao.com/1615604846,수원
더홀릭보드게임카페 동탄점,5.0,경기 화성시 동탄중심상가2길 32 4층,0507-1432-0732,https://place.map.kakao.com/849340200,수원
홈즈앤루팡 수지구청점,5.0,경기 용인시 수지구 풍덕천로139번길 14 일성빌딩 3층,031-266-8707,https://place.map.kakao.com/842603510,수원
아지트보드게임카페,2.7,경기 용인시 기흥구 관곡로 92-1 5층,070-7543-6680,https://place.map.kakao.com/1097923884,수원
더홀릭 보드게임 구성역점,5.0,경기 용인시 기흥구 용구대로2394번길 10 4층 402호,010-4714-4124,https://place.map.kakao.com/1004017509,수원
제이드플레이스,5.0,경기 용인시 수지구 신봉1로 175 2층,031-262-1055,https://place.map.kakao.com/679565256,수원
매버릭보드카페,0.0,경기 화성시 동탄중심상가2길 29 5층,,https://place.map.kakao.com/909523730,수원
트리플나인,0.0,경기 용인시 기흥구 구갈로72번길 10-1 그랜드프라자 308호,,https://place.map.kakao.com/722210152,수원
엘리시아,0.0,경기 화성시 동탄중심상가1길 34,,https://place.map.kakao.com/811236108,수원
열린문보드게임,5.0,경기 오산시 독산성로 425 더퍼스트타워세교 7층 731호,070-7585-7362,https://place.map.kakao.com/2135003810,수원
B1보드게임,5.0,경기 용인시 수지구 풍덕천로140번길 9-5 지하1층,010-4231-8118,https://place.map.kakao.com/51263171,수원
포커몬 기흥점,5.0,경기 용인시 기흥구 강남로 6 4층,,https://place.map.kakao.com/1726500091,수원
풀하우스,5.0,경기 용인시 수지구 풍덕천로139번길 3 5층,010-9469-1577,https://place.map.kakao.com/460787070,수원
나인보드카페,3.0,경기 용인시 수지구 풍덕천로139번길 6-5 4층,031-266-5169,https://place.map.kakao.com/1608304145,수원
레드버튼 신림점,3.6,서울 관악구 신림로 323 3층,02-877-3799,https://place.map.kakao.com/1578764944,신림
보드게임카페 홈즈앤루팡 신림점,0.0,서울 관악구 신림로 327 3층,02-882-4562,https://place.map.kakao.com/309507273,신림
플레이온보드게임카페 신림점,4.3,서울 관악구 남부순환로 1592 3층,02-882-5727,https://place.map.kakao.com/699361037,신림
보드피플 보드게임방,4.7,서울 관악구 시흥대로 538 3층 301호,010-2010-9092,https://place.map.kakao.com/107313847,신림
카드숲,5.0,서울 관악구 조원중앙로 13 3층,010-8656-0836,https://place.map.kakao.com/1692834451,신림
미르보드카페 미림점 & 무인 24시 카페,4.9,서울 관악구 호암로 528 1층,010-4765-4638,https://place.map.kakao.com/670401153,신림
킹덤보드게임카페 신림점,4.3,서울 관악구 신림로59길 12 6층,02-6439-3232,https://place.map.kakao.com/511074107,신림
트리거홀덤펍,0.0,서울 관악구 신림로67길 14 2층,010-8719-2482,https://place.map.kakao.com/1587491016,신림
젠틀홀덤,5.0,서울 관악구 남부순환로 1600-8 지하1층,010-2220-7660,https://place.map.kakao.com/537040055,신림
보드케이브,0.0,서울 관악구 남부순환로145길 14,,https://place.map.kakao.com/1986920101,신림
포지션라운지스튜디오,0.0,서울 관악구 신림로59길 15-10 3층,010-6227-6908,https://place.map.kakao.com/866846205,신림
베가스,0.0,서울 관악구 봉천로 250,,https://place.map.kakao.com/334854861,신림
젬스 GEMS 신림 홀덤펍,0.0,서울 관악구 신원로3나길 2 지하1층,0507-1473-2104,https://place.map.kakao.com/1155811088,신림
맨케이브,0.0,서울 관악구 남부순환로145길 14,,https://place.map.kakao.com/1345467040,신림
셔플보드게임아지트,5.0,서울 동작구 상도로 116 지하1층 103호,010-4802-8705,https://place.map.kakao.com/1526664414,신림
레드버튼 서울대입구역점,4.4,서울 관악구 관악로 161 지하1층,02-882-3799,https://place.map.kakao.com/825271221,신림
보드게임카페 홈즈앤 루팡 구로디지털단지점,5.0,서울 구로구 디지털로32나길 16 2층,02-830-6828,https://place.map.kakao.com/237145931,신림
보드게임카페 홈즈앤루팡 서울대입구점,4.9,서울 관악구 관악로 156 호윤빌딩 3층,02-883-0306,https://place.map.kakao.com/829582990,신림
플레이온보드게임카페 구디점,4.0,서울 구로구 디지털로32길 97-33 3층,02-857-5727,https://place.map.kakao.com/423640517,신림
와룸보드게임카페,4.2,서울 관악구 남부순환로226길 28 지하1층,010-6694-1258,https://place.map.kakao.com/884626391,신림
홀스 구디점,5.0,서울 구로구 디지털로32나길 22 홀스,,https://place.map.kakao.com/1650502344,신림
포퀸스보드카페,3.5,서울 관악구 관악로 152 3층,02-877-6787,https://place.map.kakao.com/138606420,신림
보드게임공간,5.0,서울 관악구 관악로 168 2층,,https://place.map.kakao.com/1561898545,신림
보드카페아쿠아,3.8,서울 영등포구 여의대방로51길 13 지하1층,02-6338-9339,https://place.map.kakao.com/18662431,신림
히든보드카페,0.0,서울 구로구 시흥대로163길 12 3층 301호,070-4211-0214,https://place.map.kakao.com/1466716625,신림
에스보드게임,0.0,서울 영등포구 대림로27가길 12,02-3301-9226,https://place.map.kakao.com/711867243,신림
9D보드게임카페,0.0,서울 구로구 디지털로26길 111 제이앤케이디지털타워 1층 109호,010-6559-1284,https://place.map.kakao.com/1919476376,신림
레드버튼 신촌점,4.8,서울 서대문구 연세로 8 3층,02-363-3799,https://place.map.kakao.com/1520672825,신촌
히어로보드게임카페 신촌점,4.4,서울 서대문구 명물길 23 큐비드빌딩 3층,02-6402-5700,https://place.map.kakao.com/1968719466,신촌
홈즈앤루팡 신촌점,1.0,서울 서대문구 연세로 12 지하1층,02-365-8282,https://place.map.kakao.com/1118312144,신촌
보드게임카페 홈즈앤루팡 이대점,5.0,서울 서대문구 이화여대길 53 지하 1층과 2층,070-4122-1667,https://place.map.kakao.com/1979819432,신촌
데블다이스 보드게임카페 신촌점,4.1,서울 서대문구 연세로5가길 1 5층,0507-1357-0343,https://place.map.kakao.com/1653896730,신촌
플러시보드게임,5.0,서울 서대문구 이화여대3길 27 e갤러리아 지하1층 비01호,010-9361-7021,https://place.map.kakao.com/1521406440,신촌
마작갤러리,5.0,서울 서대문구 명물길 70 지하1층,070-4060-0156,https://place.map.kakao.com/81754460,신촌
밀짚모자 해적단TCG,0.0,서울 서대문구 연세로9길 37 올림피아빌딩 2층 204호,010-3478-4404,https://place.map.kakao.com/348667076,신촌
펀까페,3.0,서울 서대문구 명물길 10 3층,02-313-2142,https://place.map.kakao.com/15326532,신촌
펀타임,1.3,서울 서대문구 명물길 6,070-8793-3538,https://place.map.kakao.com/15730796,신촌
옐로우미플,4.7,서울 마포구 연희로1길 45 3층,070-8624-1777,https://place.map.kakao.com/1623819755,신촌
플레이아레나,0.0,서울 마포구 동교로34길 21 2층,070-8804-7705,https://place.map.kakao.com/441389038,신촌
빌보드게임카페,3.6,서울 마포구 양화로21길 17 2층,0507-1458-1258,https://place.map.kakao.com/1427819259,신촌
럭키데이즈 홀덤펍,5.0,서울 마포구 와우산로29바길 11-3 2층,010-7987-0111,https://place.map.kakao.com/461191742,신촌
레드버튼 의정부민락점,5.0,경기 의정부시 오목로225번길 162 4층 405호,031-853-3799,https://place.map.kakao.com/1802998099,의정부
홈즈앤루팡 의정부점,3.4,경기 의정부시 행복로 12 3층,031-841-3807,https://place.map.kakao.com/662928254,의정부
히어로보드게임카페 의정부점,0.0,경기 의정부시 행복로 16 삼성빌딩 3층,031-848-7353,https://place.map.kakao.com/786319924,의정부
정글비 의정부민락점,3.3,경기 의정부시 오목로205번길 35 진산프라자 2층 206호,031-853-9215,https://place.map.kakao.com/1924679256,의정부
레트로리멤버,5.0,경기 의정부시 망월로 17 지하1층,070-7765-1437,https://place.map.kakao.com/872263802,의정부
더조커,5.0,경기 의정부시 태평로73번길 56 4층,031-840-5088,https://place.map.kakao.com/1070267221,의정부
보드막 보드게임카페 민락점,5.0,경기 의정부시 오목로225번길 147 폴리프라자2 3층 303호,031-928-6274,https://place.map.kakao.com/1267972400,의정부
명보드게임 2호점,0.0,경기 의정부시 태평로73번길 48 3층,070-7757-2060,https://place.map.kakao.com/1931031317,의정부
포커페이스홀덤,5.0,경기 의정부시 오목로225번길 157 폴리프라자3 403호,010-2483-6820,https://place.map.kakao.com/815982957,의정부
홀덤에빠지다,0.0,경기 의정부시 평화로552번길 25 3층,,https://place.map.kakao.com/1249179715,의정부
ET보드카페,0.0,경기 의정부시 발곡로 10 백상프라자 3층,,https://place.map.kakao.com/1834749491,의정부
홍스보드게임,0.0,경기 의정부시 오목로225번길 173 거택프라자 402호,070-4105-1001,https://place.map.kakao.com/94092562,의정부
홍스보드카페,0.0,경기 의정부시 오목로225번길 173,,https://place.map.kakao.com/1392433795,의정부
보드게임카페 레드버튼 부평점,4.1,인천 부평구 부평대로12번길 17 3층 301호,032-525-3799,https://place.map.kakao.com/1964619542,인천
레드버튼 구월점,4.1,인천 남동구 인하로489번길 28 4층,032-439-3799,https://place.map.kakao.com/921563886,인천
레드버튼 부평테마의거리점,5.0,인천 부평구 경원대로1403번길 6 5층,032-517-3799,https://place.map.kakao.com/1391453982,인천
레드버튼 인천논현점,4.0,인천 남동구 논고개로 81 2층 203호,032-435-3799,https://place.map.kakao.com/984520804,인천
레드버튼 인천검단신도시점,5.0,인천 서구 이음대로 384 4층 403-405호,032-565-3799,https://place.map.kakao.com/300298450,인천
히어로보드게임카페 계양구청점,5.0,인천 계양구 계양문화로 33 7층,032-555-5391,https://place.map.kakao.com/1992056013,인천
홈즈앤루팡 인천송도점,5.0,인천 연수구 신송로 121 송도센타프라자 3층 308호,032-832-1124,https://place.map.kakao.com/2056655885,인천
히어로보드게임카페 인하대점,0.0,인천 미추홀구 인하로77번길 12 지하1층,070-4035-7373,https://place.map.kakao.com/1892838615,인천
정글비 인천청라점,2.0,인천 서구 중봉대로612번길 10-8 반안프라자 204호,032-564-3337,https://place.map.kakao.com/257959172,인천
정글비 인천서창점,3.0,인천 남동구 서창남로 51 노블시티프라자 2층 201호,032-465-0827,https://place.map.kakao.com/1539227181,인천
묵찌빠보드게임카페,4.9,인천 부평구 시장로30번길 5 테마프라자 6층 601호,010-2551-5037,https://place.map.kakao.com/15867486,인천
퍼스트보드게임카페 구월점,5.0,인천 남동구 인하로 497-23 4층,,https://place.map.kakao.com/372505236,인천
홈즈앤루팡 인천구월점,5.0,인천 남동구 성말로 9 이노프라자 3층 303호,032-424-7856,https://place.map.kakao.com/2126117067,인천
퍼스트보드게임카페 부평점,4.8,인천 부평구 시장로 21 3층,032-503-0326,https://place.map.kakao.com/1808123472,인천
보드게임카페 홈즈앤루팡 부평점,4.9,인천 부평구 부평문화로 64 3층,032-522-8808,https://place.map.kakao.com/1113202550,인천
정글비 도화점,0.0,인천 미추홀구 숙골로 93 2층 201호,,https://place.map.kakao.com/1404888657,인천
"안녕,보드야 보드게임카페 청라점",,"인천 서구 중봉대로586번길 15 청연프라자 9층 907,908호",032-561-2110,https://place.map.kakao.com/153653552,인천
고릴라보드게임카페,5.0,인천 부평구 시장로29번길 7 3층,032-503-6003,https://place.map.kakao.com/193592511,인천
카드팝,4.0,인천 부평구 부평문화로66번길 21 4층,032-221-8502,https://place.map.kakao.com/57021177,인천
보드라운지,5.0,인천 남동구 인하로507번길 63 406호,,https://place.map.kakao.com/823100976,인천
박스플레이스,5.0,인천 서구 완정로 57-1 우림프라자 3층,070-7772-5518,https://place.map.kakao.com/1062456787,인천
블랙쉽 인하대점,3.0,인천 미추홀구 인하로67번길 24-23 2층,032-876-1088,https://place.map.kakao.com/347944061,인천
플레이이너프 보드게임아지트,5.0,인천 남동구 구월로 159 원빌딩 4층 401호,010-3280-2760,https://place.map.kakao.com/1118654503,인천
위치스브루,5.0,인천 계양구 계양대로 166 정우빌딩 2층,032-271-2931,https://place.map.kakao.com/19591811,인천
보드스테이지,1.9,인천 연수구 송도과학로16번길 33-3 C동 2층 219호,032-816-7942,https://place.map.kakao.com/1547701231,인천
더홀릭보드게임카페 부평점,0.0,인천 부평구 부평문화로80번길 24,070-4649-1101,https://place.map.kakao.com/1940639709,인천
프로게임즈,0.0,인천 미추홀구 주안로104번길 27 2층,010-5786-4917,https://place.map.kakao.com/652286032,인천
타이쿤보드게임 카페,4.7,인천 미추홀구 경인남길30번길 49 2층,032-864-3369,https://place.map.kakao.com/13100063,인천
블랙쉽 송도본점,4.4,인천 연수구 하모니로 158 송도타임스페이스 A동 2층 214호,032-834-1088,https://place.map.kakao.com/1763883788,인천
고스트홀덤펍,5.0,인천 남동구 논고개로 117 메트로타워 4층 402호,010-4230-8558,https://place.map.kakao.com/378463338,인천
주니카페,5.0,인천 남동구 문화로 151,,https://place.map.kakao.com/14498876,인천
헬로보드게임카페,0.0,인천 연수구 샘말로7번길 3,070-7767-8000,https://place.map.kakao.com/131066765,인천
안녕보드야 보드게임카페 검단신도시점,5.0,인천 서구 이음1로 377 검단 눈담봄 101 4층 401~404호,032-710-5225,https://place.map.kakao.com/1051379021,인천
퍼플미플보드게임카페,,인천 연수구 해돋이로 160-7 송도 대경 스위트리아 파크뷰 1동 2층 210호,010-4255-2265,https://place.map.kakao.com/1704423828,인천
스페이스보드게임카페,4.0,인천 연수구 하모니로 158 4층,,https://place.map.kakao.com/931189517,인천
홀스,5.0,인천 부평구 경원대로1403번길 21 5층,010-9454-4083,https://place.map.kakao.com/621773575,인천
보드게임카페룰렛,5.0,인천 부평구 부평대로20번길 17-1 3층,070-7333-2080,https://place.map.kakao.com/620854211,인천
보드타운,4.9,인천 남동구 구월로 362 명품프라자 3층,010-4096-0120,https://place.map.kakao.com/1411157111,인천
화이트하우스홀덤,0.0,인천 남동구 인하로511번길 28 3층,010-9319-0477,https://place.map.kakao.com/1715133770,인천
모드니마전보드카페,5.0,인천 서구 완정로 48 2층,032-563-0917,https://place.map.kakao.com/1778635490,인천
텐앱&보드카페,0.0,인천 부평구 길주로647번길 4 5층,,https://place.map.kakao.com/1668771661,인천
비글즈홀덤,0.0,인천 미추홀구 석정로 328 3층,010-5882-8416,https://place.map.kakao.com/146638001,인천
오카치홀덤,5.0,"인천 서구 바리미로5번길 16 다승프라자1차 5층 504,505호",010-2414-9195,https://place.map.kakao.com/1186315922,인천
윈보드게임카페 계양,5.0,인천 계양구 오조산로45번길 7 프리랜서빌 2층 205호,032-361-1191,https://place.map.kakao.com/558454981,인천
쓰리벳홀덤,0.0,인천 서구 고산후로95번안길 21 멀티프라자 3층 301호,010-3907-7469,https://place.map.kakao.com/1911926027,인천
케이쓰리에펠펍,0.0,인천 서구 가정로 258 6층,010-9008-4504,https://place.map.kakao.com/456629557,인천
정글비 영종도점,5.0,인천 중구 하늘중앙로195번길 23,,https://place.map.kakao.com/2019996310,인천
모나코홀덤,3.0,인천 남동구 백범로 132 만수프라자 4층 401호,032-566-9618,https://place.map.kakao.com/839105494,인천
24시아지트,0.0,인천 남동구 인하로489번길 16 세동네오스빌딩 801호,032-433-6211,https://place.map.kakao.com/1971726775,인천
마블보드게임카페,0.0,인천 부평구 시장로29번길 8,,https://place.map.kakao.com/418732200,인천
포커피쉬홀덤펍,0.0,인천 미추홀구 한나루로 350 인하빌딩 5층,010-6634-5934,https://place.map.kakao.com/1188975095,인천
윈보드게임카페 삼산,5.0,인천 부평구 길주로 659 미라쥬타워 7층 701호,032-506-1134,https://place.map.kakao.com/285096015,인천
몬스터홀덤펍 인하대역점,0.0,인천 미추홀구 독배로 309 노블레스타워 7층 705호,010-3201-8474,https://place.map.kakao.com/1747554716,인천
덱앤다이스,0.0,인천 남동구 남동대로733번길 3 4층,0503-7150-4921,https://place.map.kakao.com/1680263713,인천
텐션라운지,0.0,인천 계양구 계양대로 101 지하1층 101호,,https://place.map.kakao.com/1575899288,인천
레드버튼 대학로점,4.2,서울 종로구 대명길 9 4층,02-763-3799,https://place.map.kakao.com/1394932219,혜화
레드다이스,3.0,서울 종로구 창경궁로29길 25 명륜빌딩 2층 202호,070-7581-3501,https://place.map.kakao.com/27286294,혜화
보드게임카페 구공공,5.0,서울 종로구 대명길 24 5층,,https://place.map.kakao.com/1587674247,혜화
펀타임 대학로,2.8,서울 종로구 대명길 24 5층,,https://place.map.kakao.com/22538021,혜화
퍼스트보드게임카페 대학로점,4.6,서울 종로구 대학로 130 3층,02-3672-1253,https://place.map.kakao.com/1220810417,혜화
히어로보드 게임카페 대학로점,4.7,서울 종로구 대학로10길 12 2층,0507-1403-2901,https://place.map.kakao.com/1525847477,혜화
보드게임101 북촌점 24시간 무인카페,3.0,서울 종로구 창덕궁1길 42 지하 1층,010-4929-6999,https://place.map.kakao.com/1331517816,혜화
레드버튼 성신여대점,4.0,"서울 성북구 동소문로20가길 24 3층 1,2호",02-929-3799,https://place.map.kakao.com/905659667,혜화
히어로보드게임카페 성신여대점,4.2,서울 성북구 보문로34길 62 지하1층,070-4335-0517,https://place.map.kakao.com/1775261036,혜화
홈즈앤루팡 종로점,4.0,"서울 종로구 돈화문로11길 41 보광빌딩 3층 301, 302호",02-766-2024,https://place.map.kakao.com/2046858106,혜화
이스케이프시티 성신여대점,3.7,서울 성북구 보문로34길 43 세학빌딩 6층,070-4065-7355,https://place.map.kakao.com/926754766,혜화
레드버튼 종로점,5.0,서울 종로구 삼일대로19길 15 3층 301호,02-733-3799,https://place.map.kakao.com/2055835737,혜화
미니미보드게임룸카페,4.7,"서울 성북구 동소문로22길 43 4,5층",0507-1377-0850,https://place.map.kakao.com/1689433703,혜화
슈퍼보드,3.8,서울 성북구 동소문로20길 29-17 3층,02-929-0049,https://place.map.kakao.com/26920410,혜화
플렉스보드게임카페,4.7,서울 종로구 종로 119 3층,010-5762-0369,https://place.map.kakao.com/1607280397,혜화
인생이보드게임,4.9,서울 종로구 수표로 107 2층,070-4647-0995,https://place.map.kakao.com/1185317139,혜화
보드게임카페 주사위왕국,,서울 종로구 우정국로2길 42 5층,070-4247-4562,https://place.map.kakao.com/621777615,혜화
플레이오프 성신여대점,0.0,서울 성북구 보문로34길 77,02-6080-9500,https://place.map.kakao.com/20949614,혜화
보드게임카페 로직 안암점,3.2,서울 성북구 고려대로24길 36 3층,010-7311-2283,https://place.map.kakao.com/334610092,혜화
보드게임카페 플랫폼6,5.0,서울 성북구 고려대로24길 44 6층,0502-5550-6646,https://place.map.kakao.com/907895770,혜화
체리온 플레이그라운드,4.6,서울 성북구 고려대로24가길 1 지하 1층 체리온 플레이그라운드,0502-5550-3221,https://place.map.kakao.com/2129956523,혜화
플레이온 보드게임카페 충무로점,0.0,서울 중구 퇴계로 226 3층,02-2272-5727,https://place.map.kakao.com/1417581581,혜화
보드게임101 광화문점 24시간 무인카페,4.7,서울 종로구 새문안로3길 23 경희궁의아침4단지 지하상가 107호,070-8627-1688,https://place.map.kakao.com/841664157,혜화
모나코보드게임카페,4.0,서울 중구 명동길 38 삼문빌딩 7층,02-319-7316,https://place.map.kakao.com/556302401,혜화
히어로보드게임카페 홍대1호점,4.4,서울 마포구 와우산로21길 31-10 2층,02-6368-6001,https://place.map.kakao.com/13623634,홍대
레드버튼 홍대점,3.7,서울 마포구 홍익로 19 3층,02-333-3799,https://place.map.kakao.com/953386352,홍대
히어로보드게임카페 홍대2호점,3.5,서울 마포구 홍익로6길 15 3층,02-3142-7767,https://place.map.kakao.com/205320302,홍대
홈즈앤루팡 홍대점,3.6,서울 마포구 홍익로3길 8 경서빌딩 5층,02-336-8708,https://place.map.kakao.com/1493237095,홍대
레드버튼 신촌점,4.8,서울 서대문구 연세로 8 3층,02-363-3799,https://place.map.kakao.com/1520672825,홍대
더홀릭보드게임카페 홍대점,5.0,서울 마포구 와우산로21길 31 4층,,https://place.map.kakao.com/340926960,홍대
플레이보드 홍대2호점,4.6,서울 마포구 잔다리로6길 20-9 3층,070-4106-0111,https://place.map.kakao.com/1748850413,홍대
데블다이스 보드게임카페 홍대점,4.3,서울 마포구 어울마당로 116 3층,070-4234-3912,https://place.map.kakao.com/32375674,홍대
보드놀이터,3.9,서울 마포구 홍익로 9-1,02-6339-4538,https://place.map.kakao.com/19182865,홍대
레끄레오 보드게임카페,4.1,서울 마포구 홍익로6길 27 4층,,https://place.map.kakao.com/928674039,홍대
더조커,3.6,서울 마포구 잔다리로2길 19 2층,02-324-5088,https://place.map.kakao.com/2138696750,홍대
홈즈앤루팡 신촌점,1.0,서울 서대문구 연세로 12 지하1층,02-365-8282,https://place.map.kakao.com/1118312144,홍대
에이스보드카페,3.2,서울 마포구 독막로7길 27 지하1층,010-3293-1122,https://place.map.kakao.com/1164881726,홍대
보드팩토리,3.0,서울 마포구 어울마당로 70 서포빌딩 5층,02-324-6600,https://place.map.kakao.com/2129451774,홍대
히어로보드게임카페 신촌점,4.4,서울 서대문구 명물길 23 큐비드빌딩 3층,02-6402-5700,https://place.map.kakao.com/1968719466,홍대
럭키데이즈 홀덤펍,5.0,서울 마포구 와우산로29바길 11-3 2층,010-7987-0111,https://place.map.kakao.com/461191742,홍대
메이드보드게임카페,4.3,서울 마포구 잔다리로 25 우신빌딩 지하1층,070-4135-1122,https://place.map.kakao.com/1797709079,홍대
깔깔고블린스페이스,4.6,서울 마포구 동교로17안길 10 1층,,https://place.map.kakao.com/242934803,홍대
크라임씬카페 코티지가든,4.7,서울 마포구 양화로6길 57 지하 1층,010-8575-2642,https://place.map.kakao.com/1539188192,홍대
네가오길기다려(NEO),5.0,서울 마포구 와우산로17길 22 5층,010-7586-5704,https://place.map.kakao.com/1682136811,홍대
친구네놀이터,2.0,서울 마포구 잔다리로 19,02-3144-6857,https://place.map.kakao.com/27503326,홍대
302호보드게임,4.4,서울 마포구 양화로 157 파라다이스텔 3층 302호,010-6291-0599,https://place.map.kakao.com/1069305489,홍대
보드스쿨 홍대점,2.7,서울 마포구 어울마당로 118 천마빌딩 지하1층,,https://place.map.kakao.com/25161316,홍대
빌보드게임카페,3.6,서울 마포구 양화로21길 17 2층,0507-1458-1258,https://place.map.kakao.com/1427819259,홍대
옐로우미플,4.7,서울 마포구 연희로1길 45 3층,070-8624-1777,https://place.map.kakao.com/1623819755,홍대
순애네놀이터,0.0,서울 마포구 어울마당로 58-1 3층,,https://place.map.kakao.com/590125213,홍대
혼자놀다가게,4.8,서울 마포구 양화로6길 57 4층,070-8838-3875,https://place.map.kakao.com/1963237992,홍대
데블다이스 보드게임카페 신촌점,4.1,서울 서대문구 연세로5가길 1 5층,0507-1357-0343,https://place.map.kakao.com/1653896730,홍대
플레이아레나,0.0,서울 마포구 동교로34길 21 2층,070-8804-7705,https://place.map.kakao.com/441389038,홍대
밀짚모자 해적단TCG,0.0,서울 서대문구 연세로9길 37 올림피아빌딩 2층 204호,010-3478-4404,https://place.map.kakao.com/348667076,홍대
마작갤러리,5.0,서울 서대문구 명물길 70 지하1층,070-4060-0156,https://place.map.kakao.com/81754460,홍대
우리들의아지트,5.0,서울 마포구 월드컵로23길 20 망원빌 3층,0507-1396-5704,https://place.map.kakao.com/1641973542,홍대
펀까페,3.0,서울 서대문구 명물길 10 3층,02-313-2142,https://place.map.kakao.com/15326532,홍대
펀타임,1.3,서울 서대문구 명물길 6,070-8793-3538,https://place.map.kakao.com/15730796,홍대
보드게임카페레드버튼 망원역점,0.0,서울 마포구 월드컵로 74,070-4649-1101,https://place.map.kakao.com/1991620121,홍대
